sample	chrom	reg_start	reg_end	reg_pos	lg_pd_mean	pd_mean	first_pos_start	last_pos_end	reg_reads	pos_cov_mean	pos_len_mean	pos_len_sum	reg_len	chrom_len	p_expected	p_observed	fold_enrichment	log_ratio	p_value
sv.3m1_S136	OZ183625.2	10421508	193400167	6911	4.0685	11708.46602320242	10421508	193400167	18757	2.7140790044856025	51.83171755172913	358209	182978659	206948852	0.0821881743159775	0.1042823515210043	1.268824285110463	0.1034014823856761	8.355081109564484e-89
sv.3m1_S136	OZ183627.2	26602259	112351688	3479	4.0681	11697.687092114871	26658275	112268856	8357	2.4021270480023	50.029606208680654	174053	85749429	112351688	0.038515907027975	0.0524957749879285	1.3629634880414376	0.1344842218254891	8.925934318976189e-71
sv.3m1_S136	OZ183624.2	5765502	227888758	7866	4.0918	12353.783896545476	5765502	227888758	21794	2.770658530383931	50.87350622934147	400171	222123256	231334465	0.0997706780863472	0.1186926605504587	1.1896547445306052	0.0754209409716257	1.0226862180548778e-56
sv.3m1_S136	OZ183631.2	0	87677888	3423	4.088	12246.16199265049	100566	87677888	8356	2.441133508618172	50.189307624890446	171798	87677888	95320580	0.0393821092688232	0.0516507725736359	1.3115288523798057	0.1177778490945078	1.3918944470702138e-54
sv.3m1_S136	OZ183628.2	0	117723036	4423	4.0412	10995.120668793495	64808	117626145	13212	2.98711281935338	48.69522948225187	215379	117723036	117723036	0.0528774309345774	0.0667401014002897	1.2621661117171863	0.1011165154903155	1.8494089062815008e-53
sv.3m1_S136	OZ183635.2	3389817	69328777	2579	4.0836	12122.71792536496	3389817	69328777	6453	2.502132609538581	51.87553315238465	133787	65938960	74345968	0.0296176765548067	0.0389153790439401	1.313924101099837	0.1185702789029518	1.0811613345574906e-41
sv.3m1_S136	OZ183633.2	4764525	74775642	2711	4.0632	11566.44774165646	4764525	74775642	6210	2.2906676503135373	54.43747694577647	147580	70011117	79618381	0.0314467595264882	0.0409071704490584	1.3008389756216836	0.1142235407375715	6.375370413893344e-41
sv.3m1_S136	OZ183634.2	15796101	79180592	2365	4.0888	12268.741046383406	15820637	77834913	7260	3.069767441860465	50.61014799154334	119693	63384491	79180592	0.0284702905995037	0.0356862626750362	1.253456214305666	0.0981091677975756	3.060007945992907e-27
sv.3m1_S136	OZ183638.2	0	56849043	2126	4.0789	11992.231400236047	29030	55382209	4534	2.1326434619002823	51.97836312323612	110506	56849043	56849043	0.0255347759204012	0.0320799130854659	1.256322482933381	0.0991011319027936	4.740196941743716e-25
sv.3m1_S136	OZ183630.2	44521859	96609356	1956	4.1083	12832.16691257028	44536150	96609356	8072	4.12678936605317	49.69836400817996	97210	52087497	100879271	0.0233960414100474	0.0295147271849348	1.2615265406505751	0.1008963918625829	6.762503266534511e-24
sv.3m1_S136	OZ183632.2	0	87136867	3080	4.123	13273.9445772974	1840535	87113489	8064	2.618181818181818	50.69350649350649	156136	87136867	87136867	0.039139099900957	0.0464751327860936	1.187434890012819	0.0746098055108986	1.5246583172862976e-21
sv.3m1_S136	OZ183637.2	0	57730112	2119	4.0848	12156.26055237381	107902	57511337	4733	2.233600755073148	52.69608305804625	111663	57730112	57730112	0.0259305239980849	0.0319742877836793	1.233075266278489	0.090989586516072	1.794152512251117e-21
sv.3m1_S136	OZ183647.2	0	17230	16	2.5497	354.56837746113325	493	14159	120	7.5	103.125	1650	17230	17230	7.739166147590432e-06	0.0002414292612264	31.19577182118373	1.4940957350708692	6.754101309867385e-19
sv.3m1_S136	OZ183641.2	7383203	50209135	1573	4.1088	12846.948998311917	7383203	50209135	3515	2.2345835982199618	50.570247933884296	79547	42825932	52743892	0.0192360419717591	0.0237355142443264	1.2339084245695169	0.0912829294055645	2.1476610986493542e-16
sv.3m1_S136	OZ183627.2	26601586	26602258	7	1.5278	33.71320178728435	26601586	26602258	174	24.857142857142858	63.71428571428572	446	672	112351688	3.018409547986518e-07	0.0001056253017865	349.9369456243461	2.5439897968234044	2.4979853080290347e-16
sv.3m1_S136	OZ183626.2	0	46671757	1662	4.114	13001.6957803329	63000	46594732	4335	2.608303249097473	49.935619735258726	82993	46671757	212178734	0.0209634638318611	0.0250784645098986	1.1962939288584244	0.0778378987142834	3.8422254752083824e-13
sv.3m1_S136	OZ183634.2	15794033	15796100	7	2.0739	118.54957462545464	15794033	15796100	25	3.571428571428572	87.71428571428571	614	2067	79180592	9.284304368583532e-07	0.0001056253017865	113.7675991579877	2.056018593249941	6.275075828915824e-13
sv.3m1_S136	OZ183636.2	4872410	67855162	2171	4.1149	13028.667477561592	4872410	67729882	5028	2.315983417779825	49.68954398894519	107876	62982752	67855162	0.0282898422612004	0.0327589328826653	1.1579750986308714	0.0636992203210524	6.669266481252149e-12
sv.3m1_S136	OZ183639.2	35610279	35661443	16	2.9454	881.8607228217531	35610279	35661443	60	3.75	89.375	1430	51164	54502275	2.298123602874735e-05	0.0002414292612264	10.505495044933854	1.021416522255292	9.573925168284239e-12
sv.3m1_S136	OZ183626.2	87335359	212178734	4118	4.1315	13536.300906714549	87335359	211983543	13260	3.2200097134531327	46.78946090335114	192679	124843375	212178734	0.0560756599855448	0.0621378561081603	1.108107441342254	0.0445818713309288	1.3004901843144808e-11
sv.3m1_S136	OZ183626.2	46671758	46671960	4	1.3668	23.27019378848164	46671758	46671960	12	3.0	31.75	127	202	212178734	9.073195367459474e-08	6.035731530661516e-05	665.226668909648	2.8229696517443115	5.420283547370818e-11
sv.3m1_S136	OZ183630.2	33494188	33494492	4	1.2215	16.653288277850237	33494188	33494492	8	2.0	34.0	136	304	100879271	1.365470985993901e-07	6.035731530661516e-05	442.0256155254898	2.645447437582181	2.7736795595878183e-10
sv.3m1_S136	OZ183630.2	33494493	44521718	441	4.113	12971.792709839572	33511478	44497454	891	2.020408163265306	46.2312925170068	20388	11027225	100879271	0.00495307756366	0.0066543940125543	1.3434867366860035	0.1282333833017414	1.712163014378341e-09
sv.3m1_S136	OZ183630.2	44521719	44521858	3	0.8538	7.1416736410973485	44521719	44521858	10	3.333333333333333	39.66666666666666	119	139	100879271	6.243436416222114e-08	4.526798647996137e-05	725.0492110777819	2.8603674843285405	1.1769089955320233e-08
sv.3m1_S136	OZ183642.2	0	42979467	1482	4.1027	12667.765053446336	2079274	42905028	4189	2.826585695006748	52.790823211875846	78236	42979467	42979467	0.0193050049940731	0.0223623853211009	1.1583724183426234	0.0638482081208477	1.2578003509706058e-08
sv.3m1_S136	OZ183640.2	4846029	37707592	1126	4.1222	13249.515574620971	4846029	37707592	2804	2.4902309058614565	47.97513321492007	54020	32861563	52478002	0.0147603654049048	0.0169905842588121	1.1510950977654142	0.0611112043671464	1.7467325648011124e-06
sv.3m1_S136	OZ183624.2	2653551	2656403	4	2.7001	501.3026495398052	2653551	2656403	8	2.0	26.0	104	2852	231334465	1.2810273855442782e-06	6.035731530661516e-05	47.11633489472262	1.6731715000111074	2.02232580626454e-06
sv.3m1_S136	OZ183629.2	0	106774127	3402	4.13	13489.628825916532	47701	106373058	9504	2.793650793650793	48.37860082304527	164584	106774127	106774127	0.0479595304188579	0.0513338966682761	1.0703586173581774	0.0295293098777735	2.970666606290605e-05
sv.3m1_S136	OZ183630.2	18202630	33494187	525	4.1112	12918.140390030572	18202630	33480906	1433	2.7295238095238097	45.77142857142857	24030	15291557	100879271	0.0068684794125565	0.0079218976339932	1.1533699321440614	0.0619686253529021	0.0007109913107298
sv.3m1_S136	OZ183626.2	46671961	80087011	1077	4.1235	13289.235571266558	46676245	80087011	2720	2.5255338904363973	49.70287836583101	53530	33415050	212178734	0.0150089741021498	0.0162512071463061	1.0827660195628137	0.0345346178521373	0.004867363400978
sv.3m1_S136	OZ183643.2	0	107436	6	3.4697	2949.171307508275	42748	107436	16	2.6666666666666665	125.66666666666669	754	107436	29885044	4.825682264843445e-05	9.053597295992274e-05	1.8761279336500185	0.273262449706081	0.1051839946217159
sv.3m1_S136	OZ183639.2	35661444	54502275	588	4.1818	15198.474529284793	35675341	54479919	1201	2.042517006802721	55.802721088435376	32812	18840831	54502275	0.0084627000271429	0.0088725253500724	1.0484272539041983	0.0205383019219882	0.1295071533782891
sv.3m1_S136	OZ183639.2	0	35610278	1070	4.1123	12950.901491129309	657872	35589302	2947	2.7542056074766355	51.28411214953271	54874	35610278	54502275	0.0159950004645318	0.0161455818445195	1.0094142779377582	0.0040694434388068	0.3828253164428558
sv.3m1_S136	OZ183643.2	107437	1749038	42	4.3208	20931.48303447449	142863	1749038	90	2.142857142857143	56.57142857142857	2376	1641601	29885044	0.0007373547816047	0.0006337518107194	0.8594937288399335	-0.0657572877263737	0.8549410144601345
sv.3m1_S136	OZ183634.2	0	15794032	436	4.2133	16341.804099278334	13347	15767617	4436	10.174311926605505	50.34633027522936	21951	15794032	79180592	0.0070941751473221	0.006578947368421	0.9273731239782615	-0.0327454944625008	0.9469517160708264
sv.3m1_S136	OZ183630.2	5264807	7861737	61	4.3759	23762.93061927623	5264807	7861737	179	2.9344262295081966	32.50819672131148	1983	2596930	100879271	0.0011664580814661	0.0009204490584258	0.7890974164017401	-0.1028693785470712	0.975518316950141
sv.3m1_S136	OZ183640.2	0	4846028	117	4.3377	21762.05983185727	3979	4807763	267	2.282051282051282	57.35897435897436	6711	4846028	52478002	0.0021766811287217	0.0017654514727184	0.8110749201722846	-0.0909390275217714	0.9913337363753996
sv.3m1_S136	OZ183625.2	193400168	206948852	351	4.2907	19529.899120756843	193448310	206731218	1162	3.31054131054131	42.763532763532766	15010	13548684	206948852	0.0060856364803946	0.0052963544181554	0.8703041062702449	-0.0603289673839109	0.9964243320230092
sv.3m1_S136	OZ183646.2	0	9179381	226	4.315	20653.80155810531	31848	9075518	461	2.0398230088495577	75.26106194690266	17009	9179381	9179381	0.0041230850081854	0.0034101883148237	0.8270962902907956	-0.0824439270766918	0.9985337193090084
sv.3m1_S136	OZ183630.2	96609357	100879271	94	4.3868	24366.884234595844	96631489	100876827	200	2.127659574468085	41.67021276595744	3917	4269914	100879271	0.0019179091051609	0.0014183969097054	0.739553770243171	-0.1310302445596435	0.9990840433181856
sv.3m1_S136	OZ183633.2	74775643	75873892	16	4.6851	48428.38652278515	74837736	75873892	29	1.8125	48.5	776	1098249	79618381	0.0004932984029265	0.0002414292612264	0.4894182908238438	-0.3103198039760022	0.999552777107752
sv.3m1_S136	OZ183635.2	0	3389816	66	4.5015	31732.186638361443	101634	3327387	146	2.212121212121212	34.40909090909091	2271	3389816	74345968	0.00152259716969	0.0009958957025591	0.6540769432546949	-0.184371159832635	0.9999127202867092
sv.3m1_S136	OZ183641.2	50209136	52743892	40	4.5699	37144.96897976218	50234508	52709559	94	2.35	33.2	1328	2534756	52743892	0.001138531504794	0.0006035731530661	0.530133027083273	-0.2756151385518928	0.9999971744811512
sv.3m1_S136	OZ183645.2	0	14526857	335	4.2473	17672.5817784194	39506	13600177	958	2.859701492537313	58.04776119402985	19446	14526857	14526857	0.0065250005760468	0.005054925156929	0.7747011050827425	-0.1108658245276677	0.9999995506136204
sv.3m1_S136	OZ183625.2	0	10421507	228	4.3559	22693.422563550597	245707	10381959	928	4.0701754385964914	48.98684210526316	11169	10421507	206948852	0.0046810083680369	0.003440366972477	0.7349627904894838	-0.1337346477105723	0.9999995954705042
sv.3m1_S136	OZ183644.2	0	29388909	734	4.198	15776.1126969935	114543	27808146	2443	3.3283378746594003	47.68392370572207	35000	29388909	29388909	0.0132005600491825	0.0110755673587638	0.8390225352180962	-0.0762263743447996	0.9999996126646278
sv.3m1_S136	OZ183624.2	227888759	231334465	54	4.5485	35359.002110038666	227977035	231332466	330	6.111111111111111	40.48148148148148	2186	3445706	231334465	0.0015477011741003	0.0008148237566393	0.5264735662638108	-0.2786234294432787	0.99999994910183
sv.3m1_S136	OZ183627.2	5686724	26601585	493	4.224	16749.42876026438	5686724	26556643	1346	2.730223123732252	42.32048681541582	20864	20914861	112351688	0.0093942881156563	0.0074390391115403	0.7918683161465454	-0.1013470334683618	0.9999999717582972
sv.3m1_S136	OZ183633.2	0	4764524	79	4.5231	33350.319587164195	54949	4597446	250	3.1645569620253164	48.721518987341774	3849	4764524	79618381	0.0021400721329182	0.0011920569773056	0.5570171953410332	-0.2541313977769777	0.99999999673461
sv.3m1_S136	OZ183643.2	28367404	29885044	11	4.634	43052.661049171096	28367404	29475181	23	2.090909090909091	29.09090909090909	320	1517640	29885044	0.0006816754563104	0.0001659826170931	0.243492142128113	-0.6135150495847261	0.9999999997042436
sv.3m1_S136	OZ183624.2	0	2653550	23	4.853	71285.30301265192	432177	2532448	52	2.260869565217391	47.34782608695652	1089	2653550	231334465	0.0011918899785803	0.000347054563013	0.2911800327631121	-0.5358384094349468	0.9999999999999668
sv.3m1_S136	OZ183635.2	69328778	74345968	66	4.4825	30373.860919461044	69364385	73786512	134	2.0303030303030303	36.74242424242424	2425	5017190	74345968	0.002253561636914	0.0009958957025591	0.4419207738745905	-0.3546555825810742	0.999999999999994
sv.3m1_S136	OZ183624.2	2656404	5765501	23	4.7743	59470.28229172615	2675884	5675273	52	2.260869565217391	38.73913043478261	891	3109097	231334465	0.0013965071533357	0.000347054563013	0.2485161369807877	-0.6046454058273378	1.0
sv.3m1_S136	OZ183626.2	80087012	87335358	12	5.4831	304158.5295947745	80361776	87269582	32	2.6666666666666665	55.16666666666666	662	7248346	212178734	0.0032557257103437	0.0001810719459198	0.0556164622052047	-1.2547966403122714	1.0
sv.3m1_S136	OZ183631.2	87677889	95320580	6	5.824	666806.7692136219	88924311	95249454	10	1.6666666666666667	38.5	231	7642691	95320580	0.0034328528998081	9.053597295992274e-05	0.0263733913460093	-1.578834020826292	1.0
sv.3m1_S136	OZ183630.2	7861738	18202629	14	5.349	223357.22228305327	9746288	18171408	30	2.142857142857143	35.0	490	10340891	100879271	0.0046447982334952	0.0002112506035731	0.0454811152074923	-1.3421688948523294	1.0
sv.3m1_S136	OZ183630.2	0	5264806	8	5.3662	232380.67025176447	2459369	5140388	25	3.125	30.875	247	5264806	100879271	0.0023647828420679	0.0001207146306132	0.0510468143060727	-1.2920313558780283	1.0
sv.3m1_S136	OZ183633.2	75873893	79618381	5	5.6511	447816.4058439378	76737785	78529048	10	2.0	27.6	138	3744488	79618381	0.0016819045136191	7.544664413326895e-05	0.0448578641191228	-1.348161408937674	1.0
sv.3m1_S136	OZ183636.2	0	4872409	11	5.4644	291339.9222570167	132553	4810572	29	2.636363636363636	39.0	429	4872409	67855162	0.002188530632038	0.0001659826170931	0.0758420351368921	-1.120090021702908	1.0
sv.3m1_S136	OZ183641.2	0	7383202	56	4.5808	38089.03764981352	2554078	7296544	164	2.9285714285714284	36.21428571428572	2028	7383202	52743892	0.0033162987219513	0.0008450024142926	0.2548028646211338	-0.5937956937536503	1.0
sv.3m1_S136	OZ183640.2	37707593	52478002	239	4.4872	30704.35650730062	37731760	52418765	592	2.476987447698745	40.50627615062761	9681	14770409	52478002	0.0066343963620931	0.0036063495895702	0.5435836800731109	-0.2647335904983875	1.0
sv.3m1_S136	OZ183627.2	0	5686723	15	5.3249	211300.2447024133	498432	5218448	29	1.9333333333333331	30.066666666666663	451	5686723	112351688	0.0025542944940408	0.0002263399323998	0.0886115257766306	-1.0525097853856793	1.0
sv.3m1_S136	OZ183643.2	1749039	28367403	23	5.7241	529785.4174488644	2808986	28169639	49	2.130434782608696	25.43478260869565	585	26618364	29885044	0.0119561196502054	0.000347054563013	0.0290273578022509	-1.5371924937627388	1.0
