sample	chrom	reg_start	reg_end	reg_pos	lg_pd_mean	pd_mean	first_pos_start	last_pos_end	reg_reads	pos_cov_mean	pos_len_mean	pos_len_sum	reg_len	chrom_len	p_expected	p_observed	fold_enrichment	log_ratio	p_value
sv.3m1_S136	CAXWAE020000001.1	0	6605000	29	4.965	92257.14271547628	62772	5421633	64	2.206896551724138	151.82758620689654	4403	6605000	6605000	0.0029667552179242487	0.00043759053597295993	0.14749802522606809	-0.831213794188617	1.0
sv.3m1_S136	CAXWAE020000002.1	0	6197419	19	4.6817	48050.73110898137	2355701	5785647	47	2.473684210526316	57.31578947368421	1089	6197419	6197419	0.002783682839653729	0.00028669724770642203	0.10299206634549114	-0.9871962284509357	1.0
sv.3m1_S136	OZ183624.2	0	2653550	23	4.853	71285.30301265192	432177	2532448	52	2.260869565217391	47.34782608695652	1089	2653550	231334465	0.0011918899785803012	0.0003470545630130372	0.29118003276311216	-0.5358384094349468	0.9999999999999669
sv.3m1_S136	OZ183624.2	2653551	2656403	4	2.7001	501.3026495398052	2653551	2656403	8	2.0	26.0	104	2852	231334465	1.2810273855442782e-06	6.035731530661516e-05	47.11633489472262	1.6731715000111074	2.02232580626454e-06
sv.3m1_S136	OZ183624.2	2656404	5765501	23	4.7743	59470.28229172615	2675884	5675273	52	2.260869565217391	38.73913043478261	891	3109097	231334465	0.0013965071533357499	0.0003470545630130372	0.24851613698078776	-0.6046454058273378	1.0
sv.3m1_S136	OZ183624.2	5765502	227888758	7866	4.0918	12353.783896545476	5765502	227888758	21794	2.770658530383931	50.87350622934147	400171	222123256	231334465	0.09977067808634726	0.11869266055045871	1.1896547445306052	0.07542094097162573	1.0226862180548778e-56
sv.3m1_S136	OZ183624.2	227888759	231334465	54	4.5485	35359.002110038666	227977035	231332466	330	6.111111111111111	40.48148148148148	2186	3445706	231334465	0.001547701174100362	0.0008148237566393047	0.5264735662638108	-0.2786234294432787	0.9999999491018299
sv.3m1_S136	OZ183625.2	0	10421507	228	4.3559	22693.422563550594	245707	10381959	928	4.0701754385964914	48.98684210526316	11169	10421507	206948852	0.004681008368036955	0.0034403669724770644	0.7349627904894838	-0.13373464771057234	0.9999995954705042
sv.3m1_S136	OZ183625.2	10421508	193400167	6911	4.0685	11708.46602320242	10421508	193400167	18757	2.7140790044856025	51.83171755172913	358209	182978659	206948852	0.08218817431597757	0.10428235152100435	1.268824285110463	0.10340148238567619	8.355081109564484e-89
sv.3m1_S136	OZ183625.2	193400168	206948852	351	4.2907	19529.899120756843	193448310	206731218	1162	3.3105413105413106	42.763532763532766	15010	13548684	206948852	0.006085636480394668	0.00529635441815548	0.8703041062702449	-0.06032896738391095	0.9964243320230091
sv.3m1_S136	OZ183626.2	0	46671757	1662	4.114	13001.695780332899	63000	46594732	4335	2.608303249097473	49.935619735258726	82993	46671757	212178734	0.020963463831861102	0.0250784645098986	1.1962939288584244	0.07783789871428348	3.842225475208382e-13
sv.3m1_S136	OZ183626.2	46671758	46671960	4	1.3668	23.27019378848164	46671758	46671960	12	3.0	31.75	127	202	212178734	9.073195367459474e-08	6.035731530661516e-05	665.226668909648	2.8229696517443115	5.420283547370818e-11
sv.3m1_S136	OZ183626.2	46671961	80087011	1077	4.1235	13289.235571266558	46676245	80087011	2720	2.5255338904363973	49.70287836583101	53530	33415050	212178734	0.015008974102149837	0.016251207146306134	1.0827660195628137	0.0345346178521373	0.004867363400978096
sv.3m1_S136	OZ183626.2	80087012	87335358	12	5.4831	304158.5295947745	80361776	87269582	32	2.6666666666666665	55.166666666666664	662	7248346	212178734	0.003255725710343733	0.00018107194591984548	0.055616462205204706	-1.2547966403122714	1.0
sv.3m1_S136	OZ183626.2	87335359	212178734	4118	4.1315	13536.300906714549	87335359	211983543	13260	3.2200097134531327	46.78946090335114	192679	124843375	212178734	0.05607565998554485	0.06213785610816031	1.108107441342254	0.04458187133092889	1.3004901843144808e-11
sv.3m1_S136	OZ183627.2	0	5686723	15	5.3249	211300.2447024133	498432	5218448	29	1.9333333333333333	30.066666666666666	451	5686723	112351688	0.0025542944940408537	0.00022633993239980685	0.08861152577663065	-1.0525097853856793	1.0
sv.3m1_S136	OZ183627.2	5686724	26601585	493	4.224	16749.42876026438	5686724	26556643	1346	2.7302231237322516	42.32048681541582	20864	20914861	112351688	0.009394288115656377	0.007439039111540318	0.7918683161465454	-0.10134703346836181	0.9999999717582971
sv.3m1_S136	OZ183627.2	26601586	26602258	7	1.5278	33.71320178728435	26601586	26602258	174	24.857142857142858	63.714285714285715	446	672	112351688	3.018409547986518e-07	0.00010562530178657653	349.93694562434615	2.5439897968234044	2.4979853080290347e-16
sv.3m1_S136	OZ183627.2	26602259	112351688	3479	4.0681	11697.687092114873	26658275	112268856	8357	2.4021270480022996	50.029606208680654	174053	85749429	112351688	0.038515907027975006	0.05249577498792854	1.3629634880414376	0.13448422182548916	8.925934318976189e-71
sv.3m1_S136	OZ183628.2	0	117723036	4423	4.0412	10995.120668793497	64808	117626145	13212	2.98711281935338	48.69522948225187	215379	117723036	117723036	0.05287743093457747	0.06674010140028971	1.2621661117171865	0.10111651549031558	1.8494089062815012e-53
sv.3m1_S136	OZ183629.2	0	106774127	3402	4.13	13489.628825916532	47701	106373058	9504	2.7936507936507935	48.37860082304527	164584	106774127	106774127	0.0479595304188579	0.051333896668276195	1.0703586173581774	0.029529309877773538	2.970666606290605e-05
sv.3m1_S136	OZ183630.2	0	5264806	8	5.3662	232380.67025176447	2459369	5140388	25	3.125	30.875	247	5264806	100879271	0.0023647828420679624	0.00012071463061323032	0.05104681430607278	-1.2920313558780285	1.0
sv.3m1_S136	OZ183630.2	5264807	7861737	61	4.3759	23762.93061927623	5264807	7861737	179	2.9344262295081966	32.50819672131148	1983	2596930	100879271	0.001166458081466165	0.0009204490584258813	0.7890974164017401	-0.10286937854707123	0.975518316950141
sv.3m1_S136	OZ183630.2	7861738	18202629	14	5.349	223357.22228305327	9746288	18171408	30	2.142857142857143	35.0	490	10340891	100879271	0.004644798233495216	0.00021125060357315306	0.045481115207492394	-1.3421688948523294	1.0
sv.3m1_S136	OZ183630.2	18202630	33494187	525	4.1112	12918.140390030572	18202630	33480906	1433	2.7295238095238097	45.77142857142857	24030	15291557	100879271	0.006868479412556559	0.00792189763399324	1.1533699321440614	0.06196862535290219	0.0007109913107298567
sv.3m1_S136	OZ183630.2	33494188	33494492	4	1.2215	16.653288277850237	33494188	33494492	8	2.0	34.0	136	304	100879271	1.365470985993901e-07	6.035731530661516e-05	442.0256155254898	2.6454474375821815	2.7736795595878183e-10
sv.3m1_S136	OZ183630.2	33494493	44521718	441	4.113	12971.792709839572	33511478	44497454	891	2.020408163265306	46.2312925170068	20388	11027225	100879271	0.004953077563660064	0.006654394012554321	1.3434867366860037	0.12823338330174147	1.7121630143783412e-09
sv.3m1_S136	OZ183630.2	44521719	44521858	3	0.8538	7.1416736410973485	44521719	44521858	10	3.3333333333333335	39.666666666666664	119	139	100879271	6.243436416222113e-08	4.526798647996137e-05	725.0492110777819	2.8603674843285405	1.1769089955320231e-08
sv.3m1_S136	OZ183630.2	44521859	96609356	1956	4.1083	12832.166912570281	44536150	96609356	8072	4.12678936605317	49.69836400817996	97210	52087497	100879271	0.02339604141004749	0.029514727184934815	1.2615265406505753	0.10089639186258298	6.762503266534511e-24
sv.3m1_S136	OZ183630.2	96609357	100879271	94	4.3868	24366.884234595844	96631489	100876827	200	2.127659574468085	41.670212765957444	3917	4269914	100879271	0.0019179091051609084	0.0014183969097054563	0.739553770243171	-0.13103024455964357	0.9990840433181857
sv.3m1_S136	OZ183631.2	0	87677888	3423	4.088	12246.16199265049	100566	87677888	8356	2.4411335086181714	50.189307624890446	171798	87677888	95320580	0.039382109268823295	0.05165077257363593	1.3115288523798057	0.11777784909450781	1.3918944470702138e-54
sv.3m1_S136	OZ183631.2	87677889	95320580	6	5.824	666806.7692136219	88924311	95249454	10	1.6666666666666667	38.5	231	7642691	95320580	0.003432852899808129	9.053597295992274e-05	0.02637339134600933	-1.5788340208262919	1.0
sv.3m1_S136	OZ183632.2	0	87136867	3080	4.123	13273.944577297401	1840535	87113489	8064	2.618181818181818	50.69350649350649	156136	87136867	87136867	0.03913909990095704	0.04647513278609367	1.1874348900128193	0.07460980551089867	1.5246583172862976e-21
sv.3m1_S136	OZ183633.2	0	4764524	79	4.5231	33350.319587164195	54949	4597446	250	3.1645569620253164	48.721518987341774	3849	4764524	79618381	0.002140072132918291	0.0011920569773056495	0.5570171953410332	-0.25413139777697774	0.99999999673461
sv.3m1_S136	OZ183633.2	4764525	74775642	2711	4.0632	11566.44774165646	4764525	74775642	6210	2.2906676503135373	54.43747694577647	147580	70011117	79618381	0.031446759526488274	0.04090717044905843	1.3008389756216836	0.11422354073757159	6.375370413893344e-41
sv.3m1_S136	OZ183633.2	74775643	75873892	16	4.6851	48428.38652278515	74837736	75873892	29	1.8125	48.5	776	1098249	79618381	0.0004932984029265841	0.00024142926122646064	0.4894182908238438	-0.3103198039760022	0.9995527771077519
sv.3m1_S136	OZ183633.2	75873893	79618381	5	5.6511	447816.4058439378	76737785	78529048	10	2.0	27.6	138	3744488	79618381	0.0016819045136191877	7.544664413326895e-05	0.04485786411912286	-1.348161408937674	1.0
sv.3m1_S136	OZ183634.2	0	15794032	436	4.2133	16341.804099278334	13347	15767617	4436	10.174311926605505	50.346330275229356	21951	15794032	79180592	0.007094175147322113	0.006578947368421052	0.9273731239782615	-0.03274549446250081	0.9469517160708263
sv.3m1_S136	OZ183634.2	15794033	15796100	7	2.0739	118.54957462545464	15794033	15796100	25	3.5714285714285716	87.71428571428571	614	2067	79180592	9.284304368583531e-07	0.00010562530178657653	113.7675991579877	2.0560185932499415	6.275075828915823e-13
sv.3m1_S136	OZ183634.2	15796101	79180592	2365	4.0888	12268.741046383406	15820637	77834913	7260	3.0697674418604652	50.61014799154334	119693	63384491	79180592	0.028470290599503796	0.03568626267503622	1.253456214305666	0.09810916779757568	3.060007945992907e-27
sv.3m1_S136	OZ183635.2	0	3389816	66	4.5015	31732.186638361443	101634	3327387	146	2.212121212121212	34.40909090909091	2271	3389816	74345968	0.001522597169690099	0.00099589570255915	0.6540769432546949	-0.18437115983263508	0.9999127202867092
sv.3m1_S136	OZ183635.2	3389817	69328777	2579	4.0836	12122.71792536496	3389817	69328777	6453	2.502132609538581	51.87553315238465	133787	65938960	74345968	0.02961767655480671	0.03891537904394012	1.313924101099837	0.11857027890295181	1.0811613345574906e-41
sv.3m1_S136	OZ183635.2	69328778	74345968	66	4.4825	30373.860919461044	69364385	73786512	134	2.0303030303030303	36.74242424242424	2425	5017190	74345968	0.002253561636914059	0.00099589570255915	0.44192077387459056	-0.3546555825810742	0.9999999999999941
sv.3m1_S136	OZ183636.2	0	4872409	11	5.4644	291339.9222570167	132553	4810572	29	2.6363636363636362	39.0	429	4872409	67855162	0.0021885306320380124	0.0001659826170931917	0.07584203513689214	-1.120090021702908	1.0
sv.3m1_S136	OZ183636.2	4872410	67855162	2171	4.1149	13028.667477561592	4872410	67729882	5028	2.315983417779825	49.68954398894519	107876	62982752	67855162	0.028289842261200442	0.032758932882665376	1.1579750986308714	0.06369922032105245	6.669266481252149e-12
sv.3m1_S136	OZ183637.2	0	57730112	2119	4.0848	12156.26055237381	107902	57511337	4733	2.2336007550731476	52.69608305804625	111663	57730112	57730112	0.02593052399808498	0.03197428778367938	1.233075266278489	0.09098958651607209	1.794152512251117e-21
sv.3m1_S136	OZ183638.2	0	56849043	2126	4.0789	11992.231400236049	29030	55382209	4534	2.1326434619002823	51.97836312323612	110506	56849043	56849043	0.02553477592040121	0.032079913085465955	1.256322482933381	0.0991011319027936	4.740196941743716e-25
sv.3m1_S136	OZ183639.2	0	35610278	1070	4.1123	12950.901491129307	657872	35589302	2947	2.7542056074766355	51.28411214953271	54874	35610278	54502275	0.01599500046453188	0.016145581844519554	1.0094142779377582	0.004069443438806806	0.38282531644285583
sv.3m1_S136	OZ183639.2	35610279	35661443	16	2.9454	881.8607228217531	35610279	35661443	60	3.75	89.375	1430	51164	54502275	2.298123602874735e-05	0.00024142926122646064	10.505495044933854	1.021416522255292	9.573925168284239e-12
sv.3m1_S136	OZ183639.2	35661444	54502275	588	4.1818	15198.474529284791	35675341	54479919	1201	2.042517006802721	55.802721088435376	32812	18840831	54502275	0.008462700027142913	0.008872525350072429	1.0484272539041983	0.020538301921988297	0.1295071533782891
sv.3m1_S136	OZ183640.2	0	4846028	117	4.3377	21762.05983185727	3979	4807763	267	2.282051282051282	57.35897435897436	6711	4846028	52478002	0.0021766811287217275	0.0017654514727184934	0.8110749201722846	-0.09093902752177144	0.9913337363753997
sv.3m1_S136	OZ183640.2	4846029	37707592	1126	4.1222	13249.515574620971	4846029	37707592	2804	2.4902309058614565	47.97513321492007	54020	32861563	52478002	0.014760365404904835	0.01699058425881217	1.1510950977654142	0.06111120436714647	1.7467325648011124e-06
sv.3m1_S136	OZ183640.2	37707593	52478002	239	4.4872	30704.35650730062	37731760	52418765	592	2.4769874476987446	40.50627615062761	9681	14770409	52478002	0.006634396362093155	0.003606349589570256	0.5435836800731109	-0.2647335904983875	1.0
sv.3m1_S136	OZ183641.2	0	7383202	56	4.5808	38089.037649813516	2554078	7296544	164	2.9285714285714284	36.214285714285715	2028	7383202	52743892	0.0033162987219513625	0.0008450024142926122	0.25480286462113383	-0.5937956937536503	1.0
sv.3m1_S136	OZ183641.2	7383203	50209135	1573	4.1088	12846.948998311917	7383203	50209135	3515	2.2345835982199618	50.570247933884296	79547	42825932	52743892	0.01923604197175913	0.023735514244326412	1.2339084245695169	0.09128292940556453	2.1476610986493542e-16
sv.3m1_S136	OZ183641.2	50209136	52743892	40	4.5699	37144.96897976218	50234508	52709559	94	2.35	33.2	1328	2534756	52743892	0.0011385315047940648	0.0006035731530661516	0.530133027083273	-0.2756151385518928	0.9999971744811511
sv.3m1_S136	OZ183642.2	0	42979467	1482	4.1027	12667.765053446336	2079274	42905028	4189	2.826585695006748	52.790823211875846	78236	42979467	42979467	0.019305004994073133	0.02236238532110092	1.1583724183426234	0.06384820812084772	1.2578003509706058e-08
sv.3m1_S136	OZ183643.2	0	107436	6	3.4697	2949.171307508275	42748	107436	16	2.6666666666666665	125.66666666666667	754	107436	29885044	4.8256822648434454e-05	9.053597295992274e-05	1.8761279336500183	0.273262449706081	0.10518399462171596
sv.3m1_S136	OZ183643.2	107437	1749038	42	4.3208	20931.48303447449	142863	1749038	90	2.142857142857143	56.57142857142857	2376	1641601	29885044	0.0007373547816047941	0.0006337518107194592	0.8594937288399335	-0.0657572877263737	0.8549410144601345
sv.3m1_S136	OZ183643.2	1749039	28367403	23	5.7241	529785.4174488644	2808986	28169639	49	2.130434782608696	25.434782608695652	585	26618364	29885044	0.011956119650205446	0.0003470545630130372	0.02902735780225097	-1.5371924937627388	1.0
sv.3m1_S136	OZ183643.2	28367404	29885044	11	4.634	43052.661049171096	28367404	29475181	23	2.090909090909091	29.09090909090909	320	1517640	29885044	0.0006816754563104552	0.0001659826170931917	0.24349214212811307	-0.6135150495847261	0.9999999997042436
sv.3m1_S136	OZ183644.2	0	29388909	734	4.198	15776.112696993501	114543	27808146	2443	3.3283378746594003	47.68392370572207	35000	29388909	29388909	0.013200560049182576	0.011075567358763883	0.8390225352180962	-0.07622637434479965	0.9999996126646278
sv.3m1_S136	OZ183645.2	0	14526857	335	4.2473	17672.5817784194	39506	13600177	958	2.8597014925373134	58.04776119402985	19446	14526857	14526857	0.006525000576046843	0.00505492515692902	0.7747011050827425	-0.11086582452766774	0.9999995506136204
sv.3m1_S136	OZ183646.2	0	9179381	226	4.315	20653.80155810531	31848	9075518	461	2.0398230088495577	75.26106194690266	17009	9179381	9179381	0.004123085008185421	0.0034101883148237567	0.8270962902907956	-0.08244392707669182	0.9985337193090084
sv.3m1_S136	OZ183647.2	0	17230	16	2.5497	354.56837746113325	493	14159	120	7.5	103.125	1650	17230	17230	7.739166147590432e-06	0.00024142926122646064	31.19577182118373	1.4940957350708692	6.754101309867385e-19
